Ref Des Prefix,Block,Part,Example MPN,Package,Notes
U1,MCU + BLE radio,Nordic nRF52832,nRF52832-QFAA-R,QFN48,"Verify QFAA vs QFAB flash/RAM variant against firmware needs"
Y1,MCU HF crystal,32 MHz crystal,TBD - match Nordic ref design,SMD 4-pin,"Load capacitance must match nRF52832 datasheet reference circuit"
Y2,MCU LF crystal,32.768 kHz crystal,TBD - tuning fork type,SMD 2-pin,"Drives RTC / low-power sleep timing"
U2,NFC reader,ST CR95HF,CR95HF-VMD5T,QFN32 (VFQFPN),"Same chip used inside LimiTTer's BM019 module"
ANT1,NFC antenna,Matching network + coil,project-specific,discrete + PCB coil,"Pull L/C values from CR95HF application note, do not derive from scratch"
ANT2,BLE antenna,Chip antenna,Johanson 2450AT18B100 (example),0402-class SMD,"Separate from NFC antenna; confirm matching network with nRF52832 ref design"
U3,Battery charger,Microchip MCP73831,MCP73831T-2ACI/OT,SOT23-5,"Linear LiPo charger; program resistor sets charge current"
U4,Voltage regulator,LDO 3.3V,TLV70033 (example),SOT23-5,"Required: fresh LiPo (~4.2V) exceeds nRF52832 abs max supply"
BT1,Battery,LiPo cell,~100 mAh (match enclosure size),n/a,"Confirm capacity against target battery life once firmware power budget is known"
J1,Debug/programming,SWD header,Tag-Connect TC2030 or 0.05in header,n/a,"For flashing/debugging firmware"
J2,Charge input,USB-C receptacle,TBD,SMD,"Feeds charger IC U3"
D1,Status indicator,LED,generic,0603,"Charge/status indication"
R-various,Decoupling/support passives,Ceramic caps + resistors,per reference schematics,0402/0603,"Values come from Nordic + ST reference designs, not guessed"
